Category,Keyword,Developer,Location
Earthly Project,Scolel'te,,
Earthly Project,AMBIO,Chiapas,
Earthly Project,Orizon,Land management,South Africa
Earthly Project,Orizon Agriculture,Land management,South Africa
Earthly Project,VSC3368,,
Earthly Project,Varaha,Indo gangetic plains,India
Earthly Project,VCS3346,,
Earthly Project,Delta Blue,Trafigura,Pakistan
Earthly Project,The Indus Private,,
Earthly Project,VCS2250,,
Earthly Project,Pina Earth,Forest Adaptation,Germany
Earthly Project,Upper Tana,Agroforestry,Kenya
Earthly Project,Upper Tana-Nairobi Water Fund (UTNWF),Agroforestry,Kenya
Earthly Project,Kuamut,Rainforest,Malaysia
Earthly Project,Permian Global,,
Earthly Project,VSC2609,,
Earthly Project,EthioTrees,Highland,Ethiopia
Earthly Project,Climate Lab,Kukumuty,
Earthly Project,Kukumuty,Woodland,Mozambique
Earthly Project,Climate Lab,Ethio,
Earthly Project,Voa Aina,Mangrove,Madagascar
Earthly Project,Climate Lab,Graine de Vie,
Earthly Project,Trees for Global Benefit,,
Earthly Project,ECOTRUST,Albertine,
Earthly Project,Pleasantfield,Woodland,Scotland
Earthly Project,The Future Forest Company,,
Earthly Project,Fes Enying,Vivo,
Earthly Project,Climate Lab & Graine de Vie,,
Earthly Project,Felipe Carrillo Puerto,Forest Management,
Earthly Project,The EarthLab,,
Earthly Project,TIST Kenya,Agroforestry,Kenya
Earthly Project,TIST,Agroforestry,
Earthly Project,Clean Air Action Corporation,,
Earthly Project,VCS4646,,
Earthly Project,TIST Uganda,Agroforestry,Uganda
Earthly Project,TIST,Agroforestry,
Earthly Project,Clean Air Action Corporation,,
Earthly Project,VCS2339,,
Earthly Project,Rimba Raya,Indonesia,
Earthly Project,REDD+,Keo Seima,
Earthly Project,InfiniteEARTH,,
Earthly Project,VCS674,,
Earthly Project,Maroalika,Eden,Madagascar
Earthly Project,Eden,Mangrove,Madagascar
Earthly Project,Mijares,Restoration,Spain
Earthly Project,Bosques Sostenibles,,
Earthly Project,Dumyat,sponsorship,Scotland
Earthly Project,The Future Forest Company,,
Earthly Project,Iford,Park,United Kingdom
Earthly Project,South Downs,biodiversity,United Kingdom
Earthly Project,The Ilford Estate,Park,United Kingdom
Earthly Project,Biofarm,biodiversity,
Earthly Project,Sleight Farm,,
Earthly Project,Biofarm Ltd,,
Earthly Project,CommuniTree,,
Earthly Project,Taking Root,CommuniTree,
Earthly Project,Papariko,,
Earthly Project,Vlinder,,
Earthly Project,Kasigau,sexual,Kenya
Earthly Project,Mai Ndombe,REDD+,
Earthly Project,Vlinder Climate,,
Registry News,VCS3660,,
Registry News,Plan Vivo,,
Registry News,Verra,,
Registry News,VM0042,,
Registry News,Verra,,
Registry News,VM0042,,
Registry News,Verra,,
Registry News,VM0033,,
Registry News,Plan Vivo,,
Registry News,Verra,,
Registry News,VM0010,,
Registry News,Plan Vivo,,
Registry News,Plan Vivo,,
Registry News,Plan Vivo,,
Registry News,Plan Vivo,,
Registry News,Woodland Carbon Code,,
Registry News,Plan Vivo,,
Registry News,The Climate Action Reserve,,
Registry News,CAR,,
Registry News,Mexico Forest Protocol,,
Registry News,Verra,,
Registry News,AR-ACM0003,,
Registry News,Verra,,
Registry News,AR-AMS0007,,
Registry News,Verra,,
Registry News,VM0004,,
